ticker,date,price,volume,sector,prev_price,daily_return
AAPL,2024-01-02,184.2,80000000,Technology,182.5,0.93
AMZN,2024-01-02,155.8,38000000,Technology,153.4,1.56
BAC,2024-01-02,34.2,48000000,Finance,33.5,2.09
GOOGL,2024-01-02,143.5,28000000,Technology,141.2,1.63
GS,2024-01-02,395.4,9000000,Finance,391.2,1.07
JPM,2024-01-02,174.1,16000000,Finance,172.3,1.04
MSFT,2024-01-02,381.2,24000000,Technology,378.9,0.61
TSLA,2024-01-02,248.3,115000000,Automotive,245.8,1.02
